name,model,rebar_version,engine,engine_version,err,haystack_len,iters,total,median,mad,mean,stddev,min,max
memchr/sherlock/common/huge1,count-bytes,0.1.0 (rev 463d00f318),libc/memchr/oneshot,unknown,,594933,7944,4.53s,376.40us,3.20us,377.60us,7.60us,361.00us,525.40us
memchr/sherlock/common/huge1,count-bytes,0.1.0 (rev 463d00f318),rust/bytecount/memchr/oneshot,0.6.4,,594933,164098,4.85s,18.10us,100.00ns,18.21us,1.46us,17.50us,444.60us
memchr/sherlock/common/huge1,count-bytes,0.1.0 (rev 463d00f318),rust/memchr/memchr/onlycount,2.8.2,,594933,269597,4.99s,11.00us,100.00ns,11.06us,647.00ns,10.60us,97.00us
memchr/sherlock/common/huge1,count-bytes,0.1.0 (rev 463d00f318),rust/memchr/memchr/oneshot,2.8.2,,594933,16313,4.59s,183.00us,400.00ns,183.85us,5.23us,178.70us,585.40us
memchr/sherlock/common/huge1,count-bytes,0.1.0 (rev 463d00f318),rust/memchr/memchr/prebuilt,2.8.2,,594933,17040,4.58s,175.20us,500.00ns,176.00us,3.77us,171.40us,262.60us
memchr/sherlock/common/huge1,count-bytes,0.1.0 (rev 463d00f318),rust/memchr/memchr/fallback,2.8.2,,594933,6322,4.53s,475.05us,10.35us,474.51us,15.87us,442.10us,611.00us
memchr/sherlock/common/huge1,count-bytes,0.1.0 (rev 463d00f318),rust/memchr/memchr/naive,2.8.2,,594933,9574,4.57s,310.40us,1.30us,313.31us,10.45us,297.10us,686.20us
memchr/sherlock/common/huge1,count-bytes,0.1.0 (rev 463d00f318),rust/memchr/memrchr,2.8.2,,594933,15380,4.58s,191.00us,900.00ns,195.00us,13.55us,186.30us,328.90us
memchr/sherlock/common/huge1,count-bytes,0.1.0 (rev 463d00f318),rust/memchrold/memchr/oneshot,2.5.0,,594933,15999,4.58s,186.60us,400.00ns,187.46us,4.49us,178.70us,470.50us
memchr/sherlock/common/huge1,count-bytes,0.1.0 (rev 463d00f318),rust/memchrold/memchr/prebuilt,2.5.0,,594933,15924,4.57s,186.60us,800.00ns,188.33us,14.75us,181.90us,1.21ms
memchr/sherlock/common/huge1,count-bytes,0.1.0 (rev 463d00f318),rust/memchrold/memchr/naive,2.5.0,,594933,7475,4.53s,400.00us,2.00us,401.29us,10.16us,389.90us,697.50us
memchr/sherlock/common/huge1,count-bytes,0.1.0 (rev 463d00f318),rust/memchrold/memrchr,2.5.0,,594933,16050,4.58s,185.80us,800.00ns,186.86us,5.74us,181.60us,751.00us
memchr/sherlock/common/huge2,count-bytes,0.1.0 (rev 463d00f318),rust/memchr/memchr2,2.8.2,,594933,8981,4.53s,332.20us,700.00ns,333.98us,6.66us,326.00us,468.30us
memchr/sherlock/common/huge2,count-bytes,0.1.0 (rev 463d00f318),rust/memchr/memchr2/fallback,2.8.2,,594933,3389,4.53s,882.20us,5.40us,885.27us,14.05us,855.50us,1.15ms
memchr/sherlock/common/huge2,count-bytes,0.1.0 (rev 463d00f318),rust/memchr/memchr2/naive,2.8.2,,594933,5002,4.53s,597.40us,2.40us,599.75us,12.12us,582.50us,783.10us
memchr/sherlock/common/huge2,count-bytes,0.1.0 (rev 463d00f318),rust/memchr/memrchr2,2.8.2,,594933,8631,4.53s,346.40us,1.50us,347.56us,8.65us,338.50us,629.90us
memchr/sherlock/common/huge2,count-bytes,0.1.0 (rev 463d00f318),rust/memchrold/memchr2,2.5.0,,594933,10165,4.53s,293.40us,1.10us,295.08us,8.61us,286.80us,941.10us
memchr/sherlock/common/huge2,count-bytes,0.1.0 (rev 463d00f318),rust/memchrold/memrchr2,2.5.0,,594933,8610,4.53s,346.30us,1.90us,348.38us,29.07us,333.90us,2.89ms
memchr/sherlock/common/huge3,count-bytes,0.1.0 (rev 463d00f318),rust/memchr/memchr3,2.8.2,,594933,5380,4.53s,555.00us,3.00us,557.62us,17.07us,542.90us,1.21ms
memchr/sherlock/common/huge3,count-bytes,0.1.0 (rev 463d00f318),rust/memchr/memchr3/fallback,2.8.2,,594933,2414,4.53s,1.24ms,8.50us,1.24ms,24.11us,1.20ms,1.83ms
memchr/sherlock/common/huge3,count-bytes,0.1.0 (rev 463d00f318),rust/memchr/memchr3/naive,2.8.2,,594933,3930,4.53s,760.80us,3.10us,763.48us,14.16us,734.80us,1.05ms
memchr/sherlock/common/huge3,count-bytes,0.1.0 (rev 463d00f318),rust/memchr/memrchr3,2.8.2,,594933,5170,4.53s,577.90us,650.00ns,580.28us,10.21us,568.10us,798.80us
memchr/sherlock/common/huge3,count-bytes,0.1.0 (rev 463d00f318),rust/memchrold/memchr3,2.5.0,,594933,6213,4.53s,479.90us,2.90us,482.87us,15.87us,467.10us,1.11ms
memchr/sherlock/common/huge3,count-bytes,0.1.0 (rev 463d00f318),rust/memchrold/memrchr3,2.5.0,,594933,5667,4.53s,527.70us,2.60us,529.35us,11.10us,515.30us,1.05ms
memchr/sherlock/common/small1,count-bytes,0.1.0 (rev 463d00f318),libc/memchr/oneshot,unknown,,664,1000000,2.21s,200.00ns,0.00ns,203.00ns,56.00ns,100.00ns,29.70us
memchr/sherlock/common/small1,count-bytes,0.1.0 (rev 463d00f318),rust/bytecount/memchr/oneshot,0.6.4,,664,1000000,1.95s,1.00ns,0.00ns,50.00ns,65.00ns,1.00ns,26.60us
memchr/sherlock/common/small1,count-bytes,0.1.0 (rev 463d00f318),rust/memchr/memchr/onlycount,2.8.2,,664,1000000,1.95s,1.00ns,0.00ns,42.00ns,52.00ns,1.00ns,5.30us
memchr/sherlock/common/small1,count-bytes,0.1.0 (rev 463d00f318),rust/memchr/memchr/oneshot,2.8.2,,664,1000000,2.26s,200.00ns,0.00ns,199.00ns,51.00ns,100.00ns,20.40us
memchr/sherlock/common/small1,count-bytes,0.1.0 (rev 463d00f318),rust/memchr/memchr/prebuilt,2.8.2,,664,1000000,2.21s,200.00ns,0.00ns,200.00ns,50.00ns,100.00ns,19.50us
memchr/sherlock/common/small1,count-bytes,0.1.0 (rev 463d00f318),rust/memchr/memchr/fallback,2.8.2,,664,1000000,2.21s,200.00ns,0.00ns,180.00ns,68.00ns,100.00ns,40.70us
memchr/sherlock/common/small1,count-bytes,0.1.0 (rev 463d00f318),rust/memchr/memchr/naive,2.8.2,,664,1000000,2.26s,200.00ns,0.00ns,222.00ns,61.00ns,200.00ns,20.10us
memchr/sherlock/common/small1,count-bytes,0.1.0 (rev 463d00f318),rust/memchr/memrchr,2.8.2,,664,1000000,2.26s,200.00ns,0.00ns,207.00ns,199.00ns,100.00ns,66.70us
memchr/sherlock/common/small1,count-bytes,0.1.0 (rev 463d00f318),rust/memchrold/memchr/oneshot,2.5.0,,664,1000000,2.26s,200.00ns,0.00ns,196.00ns,56.00ns,100.00ns,24.40us
memchr/sherlock/common/small1,count-bytes,0.1.0 (rev 463d00f318),rust/memchrold/memchr/prebuilt,2.5.0,,664,1000000,2.26s,200.00ns,0.00ns,194.00ns,57.00ns,100.00ns,26.80us
memchr/sherlock/common/small1,count-bytes,0.1.0 (rev 463d00f318),rust/memchrold/memchr/naive,2.5.0,,664,1000000,2.41s,300.00ns,0.00ns,337.00ns,206.00ns,300.00ns,57.90us
memchr/sherlock/common/small1,count-bytes,0.1.0 (rev 463d00f318),rust/memchrold/memrchr,2.5.0,,664,1000000,2.26s,200.00ns,0.00ns,211.00ns,53.00ns,200.00ns,9.70us
memchr/sherlock/common/small2,count-bytes,0.1.0 (rev 463d00f318),rust/memchr/memchr2,2.8.2,,664,1000000,2.56s,400.00ns,0.00ns,366.00ns,343.00ns,300.00ns,331.40us
memchr/sherlock/common/small2,count-bytes,0.1.0 (rev 463d00f318),rust/memchr/memchr2/fallback,2.8.2,,664,1000000,2.41s,300.00ns,0.00ns,287.00ns,68.00ns,200.00ns,26.40us
memchr/sherlock/common/small2,count-bytes,0.1.0 (rev 463d00f318),rust/memchr/memchr2/naive,2.8.2,,664,1000000,2.56s,400.00ns,0.00ns,356.00ns,85.00ns,300.00ns,32.80us
memchr/sherlock/common/small2,count-bytes,0.1.0 (rev 463d00f318),rust/memchr/memrchr2,2.8.2,,664,1000000,2.72s,400.00ns,0.00ns,383.00ns,657.00ns,300.00ns,593.60us
memchr/sherlock/common/small2,count-bytes,0.1.0 (rev 463d00f318),rust/memchrold/memchr2,2.5.0,,664,1000000,2.66s,300.00ns,0.00ns,322.00ns,81.00ns,300.00ns,35.60us
memchr/sherlock/common/small2,count-bytes,0.1.0 (rev 463d00f318),rust/memchrold/memrchr2,2.5.0,,664,1000000,2.71s,400.00ns,0.00ns,380.00ns,164.00ns,300.00ns,51.80us
memchr/sherlock/common/small3,count-bytes,0.1.0 (rev 463d00f318),rust/memchr/memchr3,2.8.2,,664,1000000,3.22s,600.00ns,0.00ns,627.00ns,149.00ns,600.00ns,69.40us
memchr/sherlock/common/small3,count-bytes,0.1.0 (rev 463d00f318),rust/memchr/memchr3/fallback,2.8.2,,664,1000000,2.81s,400.00ns,0.00ns,419.00ns,121.00ns,400.00ns,69.10us
memchr/sherlock/common/small3,count-bytes,0.1.0 (rev 463d00f318),rust/memchr/memchr3/naive,2.8.2,,664,1000000,2.71s,400.00ns,0.00ns,396.00ns,86.00ns,300.00ns,42.20us
memchr/sherlock/common/small3,count-bytes,0.1.0 (rev 463d00f318),rust/memchr/memrchr3,2.8.2,,664,1000000,3.06s,600.00ns,0.00ns,624.00ns,167.00ns,600.00ns,44.10us
memchr/sherlock/common/small3,count-bytes,0.1.0 (rev 463d00f318),rust/memchrold/memchr3,2.5.0,,664,1000000,2.81s,500.00ns,0.00ns,517.00ns,142.00ns,400.00ns,41.90us
memchr/sherlock/common/small3,count-bytes,0.1.0 (rev 463d00f318),rust/memchrold/memrchr3,2.5.0,,664,1000000,2.96s,600.00ns,0.00ns,589.00ns,105.00ns,500.00ns,31.60us
memchr/sherlock/common/tiny1,count-bytes,0.1.0 (rev 463d00f318),libc/memchr/oneshot,unknown,,69,1000000,1.96s,1.00ns,0.00ns,51.00ns,63.00ns,1.00ns,31.80us
memchr/sherlock/common/tiny1,count-bytes,0.1.0 (rev 463d00f318),rust/bytecount/memchr/oneshot,0.6.4,,69,1000000,1.96s,1.00ns,0.00ns,33.00ns,57.00ns,1.00ns,26.30us
memchr/sherlock/common/tiny1,count-bytes,0.1.0 (rev 463d00f318),rust/memchr/memchr/onlycount,2.8.2,,69,1000000,2.01s,1.00ns,0.00ns,34.00ns,51.00ns,1.00ns,4.30us
memchr/sherlock/common/tiny1,count-bytes,0.1.0 (rev 463d00f318),rust/memchr/memchr/oneshot,2.8.2,,69,1000000,2.17s,100.00ns,0.00ns,69.00ns,57.00ns,1.00ns,11.20us
memchr/sherlock/common/tiny1,count-bytes,0.1.0 (rev 463d00f318),rust/memchr/memchr/prebuilt,2.8.2,,69,1000000,2.31s,100.00ns,0.00ns,63.00ns,124.00ns,1.00ns,74.90us
memchr/sherlock/common/tiny1,count-bytes,0.1.0 (rev 463d00f318),rust/memchr/memchr/fallback,2.8.2,,69,1000000,2.06s,100.00ns,0.00ns,53.00ns,57.00ns,1.00ns,9.60us
memchr/sherlock/common/tiny1,count-bytes,0.1.0 (rev 463d00f318),rust/memchr/memchr/naive,2.8.2,,69,1000000,2.01s,1.00ns,0.00ns,45.00ns,53.00ns,1.00ns,11.30us
memchr/sherlock/common/tiny1,count-bytes,0.1.0 (rev 463d00f318),rust/memchr/memrchr,2.8.2,,69,1000000,1.96s,100.00ns,0.00ns,67.00ns,62.00ns,1.00ns,22.40us
memchr/sherlock/common/tiny1,count-bytes,0.1.0 (rev 463d00f318),rust/memchrold/memchr/oneshot,2.5.0,,69,1000000,1.96s,100.00ns,0.00ns,54.00ns,79.00ns,1.00ns,25.80us
memchr/sherlock/common/tiny1,count-bytes,0.1.0 (rev 463d00f318),rust/memchrold/memchr/prebuilt,2.5.0,,69,1000000,2.06s,100.00ns,0.00ns,55.00ns,80.00ns,1.00ns,54.70us
memchr/sherlock/common/tiny1,count-bytes,0.1.0 (rev 463d00f318),rust/memchrold/memchr/naive,2.5.0,,69,1000000,2.00s,100.00ns,0.00ns,54.00ns,129.00ns,1.00ns,63.00us
memchr/sherlock/common/tiny1,count-bytes,0.1.0 (rev 463d00f318),rust/memchrold/memrchr,2.5.0,,69,1000000,1.96s,100.00ns,0.00ns,56.00ns,59.00ns,1.00ns,24.40us
memchr/sherlock/never/huge1,count-bytes,0.1.0 (rev 463d00f318),libc/memchr/oneshot,unknown,,594933,106486,4.74s,27.90us,100.00ns,28.11us,1.33us,27.30us,79.50us
memchr/sherlock/never/huge1,count-bytes,0.1.0 (rev 463d00f318),rust/bytecount/memchr/oneshot,0.6.4,,594933,162847,4.84s,18.20us,100.00ns,18.35us,0.97us,17.70us,67.10us
memchr/sherlock/never/huge1,count-bytes,0.1.0 (rev 463d00f318),rust/memchr/memchr/onlycount,2.8.2,,594933,265211,4.99s,11.20us,100.00ns,11.24us,666.00ns,10.70us,63.90us
memchr/sherlock/never/huge1,count-bytes,0.1.0 (rev 463d00f318),rust/memchr/memchr/oneshot,2.8.2,,594933,602403,5.56s,4.90us,0.00ns,4.91us,443.00ns,4.70us,74.30us
memchr/sherlock/never/huge1,count-bytes,0.1.0 (rev 463d00f318),rust/memchr/memchr/prebuilt,2.8.2,,594933,601837,5.61s,4.90us,0.00ns,4.92us,421.00ns,4.70us,57.90us
memchr/sherlock/never/huge1,count-bytes,0.1.0 (rev 463d00f318),rust/memchr/memchr/fallback,2.8.2,,594933,91305,4.68s,32.60us,100.00ns,32.79us,1.78us,31.70us,90.70us
memchr/sherlock/never/huge1,count-bytes,0.1.0 (rev 463d00f318),rust/memchr/memchr/naive,2.8.2,,594933,23023,4.58s,126.90us,600.00ns,130.25us,11.46us,124.20us,338.10us
memchr/sherlock/never/huge1,count-bytes,0.1.0 (rev 463d00f318),rust/memchr/memrchr,2.8.2,,594933,592749,5.56s,5.00us,100.00ns,4.99us,469.00ns,4.70us,92.60us
memchr/sherlock/never/huge1,count-bytes,0.1.0 (rev 463d00f318),rust/memchrold/memchr/oneshot,2.5.0,,594933,597654,5.56s,4.90us,0.00ns,4.95us,472.00ns,4.80us,134.00us
memchr/sherlock/never/huge1,count-bytes,0.1.0 (rev 463d00f318),rust/memchrold/memchr/prebuilt,2.5.0,,594933,609562,5.61s,4.80us,0.00ns,4.85us,386.00ns,4.70us,78.20us
memchr/sherlock/never/huge1,count-bytes,0.1.0 (rev 463d00f318),rust/memchrold/memchr/naive,2.5.0,,594933,11711,4.53s,254.70us,900.00ns,256.11us,7.70us,248.40us,516.20us
memchr/sherlock/never/huge1,count-bytes,0.1.0 (rev 463d00f318),rust/memchrold/memrchr,2.5.0,,594933,597424,5.61s,4.90us,100.00ns,4.95us,448.00ns,4.60us,72.80us
memchr/sherlock/never/huge2,count-bytes,0.1.0 (rev 463d00f318),rust/memchr/memchr2,2.8.2,,594933,505583,5.40s,5.80us,100.00ns,5.87us,1.43us,5.50us,885.70us
memchr/sherlock/never/huge2,count-bytes,0.1.0 (rev 463d00f318),rust/memchr/memchr2/fallback,2.8.2,,594933,49830,4.63s,60.00us,200.00ns,60.14us,2.09us,54.20us,125.60us
memchr/sherlock/never/huge2,count-bytes,0.1.0 (rev 463d00f318),rust/memchr/memchr2/naive,2.8.2,,594933,15629,4.58s,190.30us,100.00ns,191.90us,5.11us,187.30us,319.00us
memchr/sherlock/never/huge2,count-bytes,0.1.0 (rev 463d00f318),rust/memchr/memrchr2,2.8.2,,594933,508214,5.40s,5.80us,0.00ns,5.84us,569.00ns,5.60us,128.10us
memchr/sherlock/never/huge2,count-bytes,0.1.0 (rev 463d00f318),rust/memchrold/memchr2,2.5.0,,594933,516563,5.45s,5.70us,0.00ns,5.74us,763.00ns,5.50us,352.20us
memchr/sherlock/never/huge2,count-bytes,0.1.0 (rev 463d00f318),rust/memchrold/memrchr2,2.5.0,,594933,510095,5.45s,5.70us,0.00ns,5.82us,714.00ns,5.40us,77.00us
memchr/sherlock/never/huge3,count-bytes,0.1.0 (rev 463d00f318),rust/memchr/memchr3,2.8.2,,594933,427872,5.29s,6.80us,100.00ns,6.95us,737.00ns,6.60us,104.50us
memchr/sherlock/never/huge3,count-bytes,0.1.0 (rev 463d00f318),rust/memchr/memchr3/fallback,2.8.2,,594933,39406,4.63s,75.70us,400.00ns,76.06us,2.41us,66.70us,163.70us
memchr/sherlock/never/huge3,count-bytes,0.1.0 (rev 463d00f318),rust/memchr/memchr3/naive,2.8.2,,594933,11671,4.58s,255.10us,0.00ns,257.00us,7.50us,253.70us,493.90us
memchr/sherlock/never/huge3,count-bytes,0.1.0 (rev 463d00f318),rust/memchr/memrchr3,2.8.2,,594933,421183,5.30s,7.00us,0.00ns,7.06us,557.00ns,6.80us,70.60us
memchr/sherlock/never/huge3,count-bytes,0.1.0 (rev 463d00f318),rust/memchrold/memchr3,2.5.0,,594933,426591,5.75s,6.80us,100.00ns,6.96us,920.00ns,6.50us,90.10us
memchr/sherlock/never/huge3,count-bytes,0.1.0 (rev 463d00f318),rust/memchrold/memrchr3,2.5.0,,594933,423525,5.30s,6.90us,100.00ns,7.02us,729.00ns,6.50us,92.40us
memchr/sherlock/never/small1,count-bytes,0.1.0 (rev 463d00f318),libc/memchr/oneshot,unknown,,664,1000000,2.00s,100.00ns,0.00ns,55.00ns,67.00ns,1.00ns,30.70us
memchr/sherlock/never/small1,count-bytes,0.1.0 (rev 463d00f318),rust/bytecount/memchr/oneshot,0.6.4,,664,1000000,1.95s,100.00ns,0.00ns,51.00ns,65.00ns,1.00ns,27.60us
memchr/sherlock/never/small1,count-bytes,0.1.0 (rev 463d00f318),rust/memchr/memchr/onlycount,2.8.2,,664,1000000,2.10s,1.00ns,0.00ns,43.00ns,56.00ns,1.00ns,14.90us
memchr/sherlock/never/small1,count-bytes,0.1.0 (rev 463d00f318),rust/memchr/memchr/oneshot,2.8.2,,664,1000000,1.90s,1.00ns,0.00ns,33.00ns,64.00ns,1.00ns,28.20us
memchr/sherlock/never/small1,count-bytes,0.1.0 (rev 463d00f318),rust/memchr/memchr/prebuilt,2.8.2,,664,1000000,2.06s,1.00ns,0.00ns,33.00ns,51.00ns,1.00ns,12.80us
memchr/sherlock/never/small1,count-bytes,0.1.0 (rev 463d00f318),rust/memchr/memchr/fallback,2.8.2,,664,1000000,2.06s,100.00ns,0.00ns,61.00ns,57.00ns,1.00ns,15.00us
memchr/sherlock/never/small1,count-bytes,0.1.0 (rev 463d00f318),rust/memchr/memchr/naive,2.8.2,,664,1000000,2.31s,200.00ns,0.00ns,174.00ns,402.00ns,100.00ns,395.80us
memchr/sherlock/never/small1,count-bytes,0.1.0 (rev 463d00f318),rust/memchr/memrchr,2.8.2,,664,1000000,1.95s,1.00ns,0.00ns,33.00ns,59.00ns,1.00ns,27.60us
memchr/sherlock/never/small1,count-bytes,0.1.0 (rev 463d00f318),rust/memchrold/memchr/oneshot,2.5.0,,664,1000000,2.00s,1.00ns,0.00ns,31.00ns,50.00ns,1.00ns,13.80us
memchr/sherlock/never/small1,count-bytes,0.1.0 (rev 463d00f318),rust/memchrold/memchr/prebuilt,2.5.0,,664,1000000,1.95s,1.00ns,0.00ns,32.00ns,51.00ns,1.00ns,10.80us
memchr/sherlock/never/small1,count-bytes,0.1.0 (rev 463d00f318),rust/memchrold/memchr/naive,2.5.0,,664,1000000,2.41s,300.00ns,0.00ns,309.00ns,72.00ns,300.00ns,29.10us
memchr/sherlock/never/small1,count-bytes,0.1.0 (rev 463d00f318),rust/memchrold/memrchr,2.5.0,,664,1000000,2.00s,1.00ns,0.00ns,30.00ns,52.00ns,1.00ns,20.30us
memchr/sherlock/never/small2,count-bytes,0.1.0 (rev 463d00f318),rust/memchr/memchr2,2.8.2,,664,1000000,1.95s,1.00ns,0.00ns,35.00ns,51.00ns,1.00ns,4.50us
memchr/sherlock/never/small2,count-bytes,0.1.0 (rev 463d00f318),rust/memchr/memchr2/fallback,2.8.2,,664,1000000,2.16s,100.00ns,0.00ns,94.00ns,43.00ns,1.00ns,14.80us
memchr/sherlock/never/small2,count-bytes,0.1.0 (rev 463d00f318),rust/memchr/memchr2/naive,2.8.2,,664,1000000,2.41s,200.00ns,0.00ns,242.00ns,63.00ns,200.00ns,6.70us
memchr/sherlock/never/small2,count-bytes,0.1.0 (rev 463d00f318),rust/memchr/memrchr2,2.8.2,,664,1000000,2.01s,1.00ns,0.00ns,35.00ns,53.00ns,1.00ns,12.10us
memchr/sherlock/never/small2,count-bytes,0.1.0 (rev 463d00f318),rust/memchrold/memchr2,2.5.0,,664,1000000,1.95s,1.00ns,0.00ns,33.00ns,49.00ns,1.00ns,9.20us
memchr/sherlock/never/small2,count-bytes,0.1.0 (rev 463d00f318),rust/memchrold/memrchr2,2.5.0,,664,1000000,1.95s,1.00ns,0.00ns,33.00ns,50.00ns,1.00ns,6.40us
memchr/sherlock/never/small3,count-bytes,0.1.0 (rev 463d00f318),rust/memchr/memchr3,2.8.2,,664,1000000,2.01s,1.00ns,0.00ns,38.00ns,52.00ns,1.00ns,12.70us
memchr/sherlock/never/small3,count-bytes,0.1.0 (rev 463d00f318),rust/memchr/memchr3/fallback,2.8.2,,664,1000000,2.16s,100.00ns,0.00ns,112.00ns,41.00ns,100.00ns,4.70us
memchr/sherlock/never/small3,count-bytes,0.1.0 (rev 463d00f318),rust/memchr/memchr3/naive,2.8.2,,664,1000000,2.51s,300.00ns,0.00ns,316.00ns,70.00ns,300.00ns,14.80us
memchr/sherlock/never/small3,count-bytes,0.1.0 (rev 463d00f318),rust/memchr/memrchr3,2.8.2,,664,1000000,1.95s,1.00ns,0.00ns,38.00ns,54.00ns,1.00ns,9.90us
memchr/sherlock/never/small3,count-bytes,0.1.0 (rev 463d00f318),rust/memchrold/memchr3,2.5.0,,664,1000000,2.06s,1.00ns,0.00ns,36.00ns,55.00ns,1.00ns,17.20us
memchr/sherlock/never/small3,count-bytes,0.1.0 (rev 463d00f318),rust/memchrold/memrchr3,2.5.0,,664,1000000,1.95s,1.00ns,0.00ns,38.00ns,52.00ns,1.00ns,7.40us
memchr/sherlock/never/tiny1,count-bytes,0.1.0 (rev 463d00f318),libc/memchr/oneshot,unknown,,69,1000000,1.96s,1.00ns,0.00ns,31.00ns,50.00ns,1.00ns,13.50us
memchr/sherlock/never/tiny1,count-bytes,0.1.0 (rev 463d00f318),rust/bytecount/memchr/oneshot,0.6.4,,69,1000000,1.95s,1.00ns,0.00ns,34.00ns,92.00ns,1.00ns,48.30us
memchr/sherlock/never/tiny1,count-bytes,0.1.0 (rev 463d00f318),rust/memchr/memchr/onlycount,2.8.2,,69,1000000,1.95s,1.00ns,0.00ns,34.00ns,69.00ns,1.00ns,13.40us
memchr/sherlock/never/tiny1,count-bytes,0.1.0 (rev 463d00f318),rust/memchr/memchr/oneshot,2.8.2,,69,1000000,1.96s,1.00ns,0.00ns,31.00ns,65.00ns,1.00ns,11.40us
memchr/sherlock/never/tiny1,count-bytes,0.1.0 (rev 463d00f318),rust/memchr/memchr/prebuilt,2.8.2,,69,1000000,1.95s,1.00ns,0.00ns,32.00ns,75.00ns,1.00ns,13.90us
memchr/sherlock/never/tiny1,count-bytes,0.1.0 (rev 463d00f318),rust/memchr/memchr/fallback,2.8.2,,69,1000000,1.96s,1.00ns,0.00ns,30.00ns,66.00ns,1.00ns,9.40us
memchr/sherlock/never/tiny1,count-bytes,0.1.0 (rev 463d00f318),rust/memchr/memchr/naive,2.8.2,,69,1000000,2.05s,1.00ns,0.00ns,42.00ns,83.00ns,1.00ns,15.20us
memchr/sherlock/never/tiny1,count-bytes,0.1.0 (rev 463d00f318),rust/memchr/memrchr,2.8.2,,69,1000000,2.06s,1.00ns,0.00ns,32.00ns,87.00ns,1.00ns,41.20us
memchr/sherlock/never/tiny1,count-bytes,0.1.0 (rev 463d00f318),rust/memchrold/memchr/oneshot,2.5.0,,69,1000000,1.96s,1.00ns,0.00ns,30.00ns,68.00ns,1.00ns,15.80us
memchr/sherlock/never/tiny1,count-bytes,0.1.0 (rev 463d00f318),rust/memchrold/memchr/prebuilt,2.5.0,,69,1000000,2.01s,1.00ns,0.00ns,31.00ns,109.00ns,1.00ns,55.90us
memchr/sherlock/never/tiny1,count-bytes,0.1.0 (rev 463d00f318),rust/memchrold/memchr/naive,2.5.0,,69,1000000,2.11s,100.00ns,0.00ns,54.00ns,107.00ns,1.00ns,50.50us
memchr/sherlock/never/tiny1,count-bytes,0.1.0 (rev 463d00f318),rust/memchrold/memrchr,2.5.0,,69,1000000,2.13s,1.00ns,0.00ns,31.00ns,159.00ns,1.00ns,67.00us
memchr/sherlock/never/tiny2,count-bytes,0.1.0 (rev 463d00f318),rust/memchr/memchr2,2.8.2,,69,1000000,2.16s,1.00ns,0.00ns,34.00ns,85.00ns,1.00ns,17.20us
memchr/sherlock/never/tiny2,count-bytes,0.1.0 (rev 463d00f318),rust/memchr/memchr2/fallback,2.8.2,,69,1000000,2.00s,1.00ns,0.00ns,32.00ns,96.00ns,1.00ns,53.20us
memchr/sherlock/never/tiny2,count-bytes,0.1.0 (rev 463d00f318),rust/memchr/memchr2/naive,2.8.2,,69,1000000,2.06s,1.00ns,0.00ns,48.00ns,88.00ns,1.00ns,32.80us
memchr/sherlock/never/tiny2,count-bytes,0.1.0 (rev 463d00f318),rust/memchr/memrchr2,2.8.2,,69,1000000,1.96s,1.00ns,0.00ns,32.00ns,72.00ns,1.00ns,11.50us
memchr/sherlock/never/tiny2,count-bytes,0.1.0 (rev 463d00f318),rust/memchrold/memchr2,2.5.0,,69,1000000,1.96s,1.00ns,0.00ns,30.00ns,96.00ns,1.00ns,49.10us
memchr/sherlock/never/tiny2,count-bytes,0.1.0 (rev 463d00f318),rust/memchrold/memrchr2,2.5.0,,69,1000000,2.01s,1.00ns,0.00ns,30.00ns,72.00ns,1.00ns,30.20us
memchr/sherlock/never/tiny3,count-bytes,0.1.0 (rev 463d00f318),rust/memchr/memchr3,2.8.2,,69,1000000,1.96s,1.00ns,0.00ns,31.00ns,87.00ns,1.00ns,32.20us
memchr/sherlock/never/tiny3,count-bytes,0.1.0 (rev 463d00f318),rust/memchr/memchr3/fallback,2.8.2,,69,1000000,2.01s,1.00ns,0.00ns,38.00ns,97.00ns,1.00ns,41.10us
memchr/sherlock/never/tiny3,count-bytes,0.1.0 (rev 463d00f318),rust/memchr/memchr3/naive,2.8.2,,69,1000000,2.06s,100.00ns,0.00ns,55.00ns,131.00ns,1.00ns,59.90us
memchr/sherlock/never/tiny3,count-bytes,0.1.0 (rev 463d00f318),rust/memchr/memrchr3,2.8.2,,69,1000000,2.11s,1.00ns,0.00ns,33.00ns,78.00ns,1.00ns,27.70us
memchr/sherlock/never/tiny3,count-bytes,0.1.0 (rev 463d00f318),rust/memchrold/memchr3,2.5.0,,69,1000000,2.06s,1.00ns,0.00ns,31.00ns,96.00ns,1.00ns,48.20us
memchr/sherlock/never/tiny3,count-bytes,0.1.0 (rev 463d00f318),rust/memchrold/memrchr3,2.5.0,,69,1000000,2.06s,1.00ns,0.00ns,32.00ns,67.00ns,1.00ns,11.00us
memchr/sherlock/never/empty1,count-bytes,0.1.0 (rev 463d00f318),libc/memchr/oneshot,unknown,,,1000000,2.00s,1.00ns,0.00ns,28.00ns,70.00ns,1.00ns,26.50us
memchr/sherlock/never/empty1,count-bytes,0.1.0 (rev 463d00f318),rust/bytecount/memchr/oneshot,0.6.4,,,1000000,2.01s,1.00ns,0.00ns,30.00ns,74.00ns,1.00ns,34.00us
memchr/sherlock/never/empty1,count-bytes,0.1.0 (rev 463d00f318),rust/memchr/memchr/onlycount,2.8.2,,,1000000,1.96s,1.00ns,0.00ns,29.00ns,63.00ns,1.00ns,14.60us
memchr/sherlock/never/empty1,count-bytes,0.1.0 (rev 463d00f318),rust/memchr/memchr/oneshot,2.8.2,,,1000000,2.01s,1.00ns,0.00ns,30.00ns,76.00ns,1.00ns,40.80us
memchr/sherlock/never/empty1,count-bytes,0.1.0 (rev 463d00f318),rust/memchr/memchr/prebuilt,2.8.2,,,1000000,1.96s,1.00ns,0.00ns,30.00ns,69.00ns,1.00ns,14.90us
memchr/sherlock/never/empty1,count-bytes,0.1.0 (rev 463d00f318),rust/memchr/memchr/fallback,2.8.2,,,1000000,1.97s,1.00ns,0.00ns,27.00ns,61.00ns,1.00ns,10.20us
memchr/sherlock/never/empty1,count-bytes,0.1.0 (rev 463d00f318),rust/memchr/memchr/naive,2.8.2,,,1000000,2.01s,1.00ns,0.00ns,28.00ns,83.00ns,1.00ns,34.40us
memchr/sherlock/never/empty1,count-bytes,0.1.0 (rev 463d00f318),rust/memchr/memrchr,2.8.2,,,1000000,2.01s,1.00ns,0.00ns,30.00ns,78.00ns,1.00ns,24.60us
memchr/sherlock/never/empty1,count-bytes,0.1.0 (rev 463d00f318),rust/memchrold/memchr/oneshot,2.5.0,,,1000000,2.06s,1.00ns,0.00ns,28.00ns,61.00ns,1.00ns,9.00us
memchr/sherlock/never/empty1,count-bytes,0.1.0 (rev 463d00f318),rust/memchrold/memchr/prebuilt,2.5.0,,,1000000,2.11s,1.00ns,0.00ns,28.00ns,67.00ns,1.00ns,11.20us
memchr/sherlock/never/empty1,count-bytes,0.1.0 (rev 463d00f318),rust/memchrold/memchr/naive,2.5.0,,,1000000,2.11s,1.00ns,0.00ns,28.00ns,93.00ns,1.00ns,45.40us
memchr/sherlock/never/empty1,count-bytes,0.1.0 (rev 463d00f318),rust/memchrold/memrchr,2.5.0,,,1000000,2.06s,1.00ns,0.00ns,28.00ns,79.00ns,1.00ns,37.80us
memchr/sherlock/never/empty2,count-bytes,0.1.0 (rev 463d00f318),rust/memchr/memchr2,2.8.2,,,1000000,1.96s,1.00ns,0.00ns,30.00ns,89.00ns,1.00ns,47.90us
memchr/sherlock/never/empty2,count-bytes,0.1.0 (rev 463d00f318),rust/memchr/memchr2/fallback,2.8.2,,,1000000,2.01s,1.00ns,0.00ns,28.00ns,61.00ns,1.00ns,9.00us
memchr/sherlock/never/empty2,count-bytes,0.1.0 (rev 463d00f318),rust/memchr/memchr2/naive,2.8.2,,,1000000,1.95s,1.00ns,0.00ns,28.00ns,74.00ns,1.00ns,35.30us
memchr/sherlock/never/empty2,count-bytes,0.1.0 (rev 463d00f318),rust/memchr/memrchr2,2.8.2,,,1000000,1.96s,1.00ns,0.00ns,30.00ns,91.00ns,1.00ns,44.50us
memchr/sherlock/never/empty2,count-bytes,0.1.0 (rev 463d00f318),rust/memchrold/memchr2,2.5.0,,,1000000,1.96s,1.00ns,0.00ns,28.00ns,73.00ns,1.00ns,27.80us
memchr/sherlock/never/empty2,count-bytes,0.1.0 (rev 463d00f318),rust/memchrold/memrchr2,2.5.0,,,1000000,2.00s,1.00ns,0.00ns,28.00ns,127.00ns,1.00ns,73.30us
memchr/sherlock/never/empty3,count-bytes,0.1.0 (rev 463d00f318),rust/memchr/memchr3,2.8.2,,,1000000,1.95s,1.00ns,0.00ns,30.00ns,69.00ns,1.00ns,12.40us
memchr/sherlock/never/empty3,count-bytes,0.1.0 (rev 463d00f318),rust/memchr/memchr3/fallback,2.8.2,,,1000000,1.90s,1.00ns,0.00ns,30.00ns,75.00ns,1.00ns,34.40us
memchr/sherlock/never/empty3,count-bytes,0.1.0 (rev 463d00f318),rust/memchr/memchr3/naive,2.8.2,,,1000000,1.90s,1.00ns,0.00ns,28.00ns,75.00ns,1.00ns,31.30us
memchr/sherlock/never/empty3,count-bytes,0.1.0 (rev 463d00f318),rust/memchr/memrchr3,2.8.2,,,1000000,1.90s,1.00ns,0.00ns,31.00ns,74.00ns,1.00ns,28.60us
memchr/sherlock/never/empty3,count-bytes,0.1.0 (rev 463d00f318),rust/memchrold/memchr3,2.5.0,,,1000000,1.90s,1.00ns,0.00ns,28.00ns,74.00ns,1.00ns,36.30us
memchr/sherlock/never/empty3,count-bytes,0.1.0 (rev 463d00f318),rust/memchrold/memrchr3,2.5.0,,,1000000,1.90s,1.00ns,0.00ns,28.00ns,81.00ns,1.00ns,34.30us
memchr/sherlock/rare/huge1,count-bytes,0.1.0 (rev 463d00f318),libc/memchr/oneshot,unknown,,594933,99135,4.69s,29.60us,100.00ns,30.19us,2.33us,28.90us,127.50us
memchr/sherlock/rare/huge1,count-bytes,0.1.0 (rev 463d00f318),rust/bytecount/memchr/oneshot,0.6.4,,594933,160270,4.84s,18.30us,100.00ns,18.65us,1.65us,17.70us,71.70us
memchr/sherlock/rare/huge1,count-bytes,0.1.0 (rev 463d00f318),rust/memchr/memchr/onlycount,2.8.2,,594933,257359,5.30s,11.10us,100.00ns,11.59us,1.68us,10.70us,78.20us
memchr/sherlock/rare/huge1,count-bytes,0.1.0 (rev 463d00f318),rust/memchr/memchr/oneshot,2.8.2,,594933,456398,5.86s,6.30us,100.00ns,6.50us,1.24us,5.90us,84.90us
memchr/sherlock/rare/huge1,count-bytes,0.1.0 (rev 463d00f318),rust/memchr/memchr/prebuilt,2.8.2,,594933,454693,5.35s,6.10us,100.00ns,6.53us,1.91us,5.80us,346.00us
memchr/sherlock/rare/huge1,count-bytes,0.1.0 (rev 463d00f318),rust/memchr/memchr/fallback,2.8.2,,594933,85014,4.68s,34.60us,100.00ns,35.22us,3.02us,33.70us,99.40us
memchr/sherlock/rare/huge1,count-bytes,0.1.0 (rev 463d00f318),rust/memchr/memchr/naive,2.8.2,,594933,22647,4.59s,128.60us,900.00ns,132.41us,10.21us,125.00us,311.50us
memchr/sherlock/rare/huge1,count-bytes,0.1.0 (rev 463d00f318),rust/memchr/memrchr,2.8.2,,594933,460454,5.30s,6.30us,0.00ns,6.45us,1.04us,6.00us,67.80us
memchr/sherlock/rare/huge1,count-bytes,0.1.0 (rev 463d00f318),rust/memchrold/memchr/oneshot,2.5.0,,594933,453358,5.31s,6.40us,0.00ns,6.55us,1.10us,6.20us,135.30us
memchr/sherlock/rare/huge1,count-bytes,0.1.0 (rev 463d00f318),rust/memchrold/memchr/prebuilt,2.5.0,,594933,439813,5.31s,6.60us,0.00ns,6.75us,1.07us,6.40us,87.20us
memchr/sherlock/rare/huge1,count-bytes,0.1.0 (rev 463d00f318),rust/memchrold/memrchr,2.5.0,,594933,483663,5.41s,6.00us,0.00ns,6.14us,875.00ns,5.70us,57.40us
memchr/sherlock/rare/huge2,count-bytes,0.1.0 (rev 463d00f318),rust/memchr/memchr2,2.8.2,,594933,313293,5.10s,9.30us,100.00ns,9.51us,1.41us,8.90us,93.30us
memchr/sherlock/rare/huge2,count-bytes,0.1.0 (rev 463d00f318),rust/memchr/memchr2/fallback,2.8.2,,594933,46084,4.63s,64.10us,100.00ns,65.03us,3.18us,62.60us,188.80us
memchr/sherlock/rare/huge2,count-bytes,0.1.0 (rev 463d00f318),rust/memchr/memchr2/naive,2.8.2,,594933,11474,4.58s,258.40us,1.50us,261.41us,9.52us,252.90us,474.50us
memchr/sherlock/rare/huge2,count-bytes,0.1.0 (rev 463d00f318),rust/memchr/memrchr2,2.8.2,,594933,305259,5.09s,9.60us,100.00ns,9.76us,1.14us,9.30us,53.70us
memchr/sherlock/rare/huge2,count-bytes,0.1.0 (rev 463d00f318),rust/memchrold/memchr2,2.5.0,,594933,300841,5.04s,9.70us,100.00ns,9.90us,1.16us,9.40us,87.00us
memchr/sherlock/rare/huge2,count-bytes,0.1.0 (rev 463d00f318),rust/memchrold/memrchr2,2.5.0,,594933,329079,5.11s,8.90us,100.00ns,9.05us,1.12us,8.60us,72.60us
memchr/sherlock/rare/huge3,count-bytes,0.1.0 (rev 463d00f318),rust/memchr/memchr3,2.8.2,,594933,255544,5.00s,11.50us,100.00ns,11.67us,1.35us,10.90us,106.70us
memchr/sherlock/rare/huge3,count-bytes,0.1.0 (rev 463d00f318),rust/memchr/memchr3/fallback,2.8.2,,594933,37042,4.58s,79.60us,200.00ns,80.92us,4.10us,69.30us,239.30us
memchr/sherlock/rare/huge3,count-bytes,0.1.0 (rev 463d00f318),rust/memchr/memchr3/naive,2.8.2,,594933,11373,4.53s,260.30us,1.80us,263.73us,10.74us,253.50us,550.30us
memchr/sherlock/rare/huge3,count-bytes,0.1.0 (rev 463d00f318),rust/memchr/memrchr3,2.8.2,,594933,237742,5.25s,12.00us,100.00ns,12.55us,2.30us,11.60us,178.80us
memchr/sherlock/rare/huge3,count-bytes,0.1.0 (rev 463d00f318),rust/memchrold/memchr3,2.5.0,,594933,235298,5.20s,12.30us,100.00ns,12.68us,1.99us,11.60us,109.80us
memchr/sherlock/rare/huge3,count-bytes,0.1.0 (rev 463d00f318),rust/memchrold/memrchr3,2.5.0,,594933,258275,5.40s,10.80us,100.00ns,11.55us,10.51us,10.40us,4.53ms
memchr/sherlock/rare/small1,count-bytes,0.1.0 (rev 463d00f318),libc/memchr/oneshot,unknown,,664,1000000,2.12s,100.00ns,0.00ns,61.00ns,96.00ns,1.00ns,23.00us
memchr/sherlock/rare/small1,count-bytes,0.1.0 (rev 463d00f318),rust/bytecount/memchr/oneshot,0.6.4,,664,1000000,2.06s,100.00ns,0.00ns,52.00ns,114.00ns,1.00ns,64.50us
memchr/sherlock/rare/small1,count-bytes,0.1.0 (rev 463d00f318),rust/memchr/memchr/onlycount,2.8.2,,664,1000000,2.53s,1.00ns,0.00ns,44.00ns,360.00ns,1.00ns,343.70us
memchr/sherlock/rare/small1,count-bytes,0.1.0 (rev 463d00f318),rust/memchr/memchr/oneshot,2.8.2,,664,1000000,1.91s,1.00ns,0.00ns,36.00ns,84.00ns,1.00ns,17.20us
memchr/sherlock/rare/small1,count-bytes,0.1.0 (rev 463d00f318),rust/memchr/memchr/prebuilt,2.8.2,,664,1000000,2.01s,1.00ns,0.00ns,35.00ns,78.00ns,1.00ns,14.10us
memchr/sherlock/rare/small1,count-bytes,0.1.0 (rev 463d00f318),rust/memchr/memchr/fallback,2.8.2,,664,1000000,2.06s,100.00ns,0.00ns,64.00ns,97.00ns,1.00ns,37.30us
memchr/sherlock/rare/small1,count-bytes,0.1.0 (rev 463d00f318),rust/memchr/memchr/naive,2.8.2,,664,1000000,2.31s,200.00ns,0.00ns,182.00ns,149.00ns,100.00ns,44.40us
memchr/sherlock/rare/small1,count-bytes,0.1.0 (rev 463d00f318),rust/memchr/memrchr,2.8.2,,664,1000000,2.02s,1.00ns,0.00ns,37.00ns,82.00ns,1.00ns,14.40us
memchr/sherlock/rare/small1,count-bytes,0.1.0 (rev 463d00f318),rust/memchrold/memchr/oneshot,2.5.0,,664,1000000,2.16s,1.00ns,0.00ns,35.00ns,75.00ns,1.00ns,44.50us
memchr/sherlock/rare/small1,count-bytes,0.1.0 (rev 463d00f318),rust/memchrold/memchr/prebuilt,2.5.0,,664,1000000,2.16s,1.00ns,0.00ns,37.00ns,81.00ns,1.00ns,16.40us
memchr/sherlock/rare/small1,count-bytes,0.1.0 (rev 463d00f318),rust/memchrold/memchr/naive,2.5.0,,664,1000000,2.51s,300.00ns,0.00ns,320.00ns,181.00ns,300.00ns,40.00us
memchr/sherlock/rare/small1,count-bytes,0.1.0 (rev 463d00f318),rust/memchrold/memrchr,2.5.0,,664,1000000,2.01s,1.00ns,0.00ns,35.00ns,74.00ns,1.00ns,16.40us
memchr/sherlock/rare/small2,count-bytes,0.1.0 (rev 463d00f318),rust/memchr/memchr2,2.8.2,,664,1000000,2.01s,1.00ns,0.00ns,45.00ns,91.00ns,1.00ns,22.80us
memchr/sherlock/rare/small2,count-bytes,0.1.0 (rev 463d00f318),rust/memchr/memchr2/fallback,2.8.2,,664,1000000,2.16s,100.00ns,0.00ns,104.00ns,120.00ns,1.00ns,58.50us
memchr/sherlock/rare/small2,count-bytes,0.1.0 (rev 463d00f318),rust/memchr/memchr2/naive,2.8.2,,664,1000000,2.66s,300.00ns,0.00ns,333.00ns,185.00ns,300.00ns,28.60us
memchr/sherlock/rare/small2,count-bytes,0.1.0 (rev 463d00f318),rust/memchr/memrchr2,2.8.2,,664,1000000,2.11s,1.00ns,0.00ns,45.00ns,90.00ns,1.00ns,28.60us
memchr/sherlock/rare/small2,count-bytes,0.1.0 (rev 463d00f318),rust/memchrold/memchr2,2.5.0,,664,1000000,2.06s,1.00ns,0.00ns,43.00ns,95.00ns,1.00ns,50.20us
memchr/sherlock/rare/small2,count-bytes,0.1.0 (rev 463d00f318),rust/memchrold/memrchr2,2.5.0,,664,1000000,2.26s,1.00ns,0.00ns,40.00ns,100.00ns,1.00ns,26.00us
memchr/sherlock/rare/small3,count-bytes,0.1.0 (rev 463d00f318),rust/memchr/memchr3,2.8.2,,664,1000000,2.21s,100.00ns,0.00ns,53.00ns,100.00ns,1.00ns,35.40us
memchr/sherlock/rare/small3,count-bytes,0.1.0 (rev 463d00f318),rust/memchr/memchr3/fallback,2.8.2,,664,1000000,2.66s,100.00ns,0.00ns,125.00ns,128.00ns,100.00ns,31.80us
memchr/sherlock/rare/small3,count-bytes,0.1.0 (rev 463d00f318),rust/memchr/memchr3/naive,2.8.2,,664,1000000,2.81s,300.00ns,0.00ns,333.00ns,200.00ns,300.00ns,49.10us
memchr/sherlock/rare/small3,count-bytes,0.1.0 (rev 463d00f318),rust/memchr/memrchr3,2.8.2,,664,1000000,2.28s,100.00ns,0.00ns,55.00ns,94.00ns,1.00ns,18.30us
memchr/sherlock/rare/small3,count-bytes,0.1.0 (rev 463d00f318),rust/memchrold/memchr3,2.5.0,,664,1000000,2.45s,100.00ns,0.00ns,54.00ns,96.00ns,1.00ns,24.30us
memchr/sherlock/rare/small3,count-bytes,0.1.0 (rev 463d00f318),rust/memchrold/memrchr3,2.5.0,,664,1000000,2.16s,1.00ns,0.00ns,48.00ns,113.00ns,1.00ns,39.20us
memchr/sherlock/rare/tiny1,count-bytes,0.1.0 (rev 463d00f318),libc/memchr/oneshot,unknown,,69,1000000,1.90s,1.00ns,0.00ns,34.00ns,71.00ns,1.00ns,13.70us
memchr/sherlock/rare/tiny1,count-bytes,0.1.0 (rev 463d00f318),rust/bytecount/memchr/oneshot,0.6.4,,69,1000000,1.91s,1.00ns,0.00ns,33.00ns,78.00ns,1.00ns,27.80us
memchr/sherlock/rare/tiny1,count-bytes,0.1.0 (rev 463d00f318),rust/memchr/memchr/onlycount,2.8.2,,69,1000000,1.90s,1.00ns,0.00ns,35.00ns,81.00ns,1.00ns,32.90us
memchr/sherlock/rare/tiny1,count-bytes,0.1.0 (rev 463d00f318),rust/memchr/memchr/oneshot,2.8.2,,69,1000000,1.91s,1.00ns,0.00ns,33.00ns,73.00ns,1.00ns,27.80us
memchr/sherlock/rare/tiny1,count-bytes,0.1.0 (rev 463d00f318),rust/memchr/memchr/prebuilt,2.8.2,,69,1000000,1.91s,1.00ns,0.00ns,33.00ns,72.00ns,1.00ns,14.70us
memchr/sherlock/rare/tiny1,count-bytes,0.1.0 (rev 463d00f318),rust/memchr/memchr/fallback,2.8.2,,69,1000000,1.91s,1.00ns,0.00ns,32.00ns,69.00ns,1.00ns,17.20us
memchr/sherlock/rare/tiny1,count-bytes,0.1.0 (rev 463d00f318),rust/memchr/memchr/naive,2.8.2,,69,1000000,1.95s,1.00ns,0.00ns,47.00ns,92.00ns,1.00ns,36.90us
memchr/sherlock/rare/tiny1,count-bytes,0.1.0 (rev 463d00f318),rust/memchr/memrchr,2.8.2,,69,1000000,1.90s,1.00ns,0.00ns,33.00ns,67.00ns,1.00ns,9.20us
memchr/sherlock/rare/tiny1,count-bytes,0.1.0 (rev 463d00f318),rust/memchrold/memchr/oneshot,2.5.0,,69,1000000,1.91s,1.00ns,0.00ns,32.00ns,75.00ns,1.00ns,13.90us
memchr/sherlock/rare/tiny1,count-bytes,0.1.0 (rev 463d00f318),rust/memchrold/memchr/prebuilt,2.5.0,,69,1000000,1.91s,1.00ns,0.00ns,32.00ns,81.00ns,1.00ns,19.80us
memchr/sherlock/rare/tiny1,count-bytes,0.1.0 (rev 463d00f318),rust/memchrold/memchr/naive,2.5.0,,69,1000000,1.96s,100.00ns,0.00ns,55.00ns,85.00ns,1.00ns,21.90us
memchr/sherlock/rare/tiny1,count-bytes,0.1.0 (rev 463d00f318),rust/memchrold/memrchr,2.5.0,,69,1000000,1.91s,1.00ns,0.00ns,32.00ns,81.00ns,1.00ns,26.40us
memchr/sherlock/rare/tiny2,count-bytes,0.1.0 (rev 463d00f318),rust/memchr/memchr2,2.8.2,,69,1000000,1.91s,1.00ns,0.00ns,39.00ns,78.00ns,1.00ns,26.10us
memchr/sherlock/rare/tiny2,count-bytes,0.1.0 (rev 463d00f318),rust/memchr/memchr2/fallback,2.8.2,,69,1000000,1.90s,1.00ns,0.00ns,37.00ns,76.00ns,1.00ns,28.50us
memchr/sherlock/rare/tiny2,count-bytes,0.1.0 (rev 463d00f318),rust/memchr/memchr2/naive,2.8.2,,69,1000000,1.95s,100.00ns,0.00ns,56.00ns,102.00ns,1.00ns,44.90us
memchr/sherlock/rare/tiny2,count-bytes,0.1.0 (rev 463d00f318),rust/memchr/memrchr2,2.8.2,,69,1000000,1.91s,1.00ns,0.00ns,37.00ns,74.00ns,1.00ns,18.40us
memchr/sherlock/rare/tiny2,count-bytes,0.1.0 (rev 463d00f318),rust/memchrold/memchr2,2.5.0,,69,1000000,1.91s,1.00ns,0.00ns,33.00ns,76.00ns,1.00ns,11.70us
memchr/sherlock/rare/tiny2,count-bytes,0.1.0 (rev 463d00f318),rust/memchrold/memrchr2,2.5.0,,69,1000000,1.90s,1.00ns,0.00ns,35.00ns,78.00ns,1.00ns,21.60us
memchr/sherlock/rare/tiny3,count-bytes,0.1.0 (rev 463d00f318),rust/memchr/memchr3,2.8.2,,69,1000000,1.95s,1.00ns,0.00ns,48.00ns,82.00ns,1.00ns,12.80us
memchr/sherlock/rare/tiny3,count-bytes,0.1.0 (rev 463d00f318),rust/memchr/memchr3/fallback,2.8.2,,69,1000000,1.95s,1.00ns,0.00ns,43.00ns,86.00ns,1.00ns,15.40us
memchr/sherlock/rare/tiny3,count-bytes,0.1.0 (rev 463d00f318),rust/memchr/memchr3/naive,2.8.2,,69,1000000,2.01s,100.00ns,0.00ns,60.00ns,102.00ns,1.00ns,38.10us
memchr/sherlock/rare/tiny3,count-bytes,0.1.0 (rev 463d00f318),rust/memchr/memrchr3,2.8.2,,69,1000000,2.01s,1.00ns,0.00ns,42.00ns,84.00ns,1.00ns,17.10us
memchr/sherlock/rare/tiny3,count-bytes,0.1.0 (rev 463d00f318),rust/memchrold/memchr3,2.5.0,,69,1000000,2.01s,1.00ns,0.00ns,37.00ns,72.00ns,1.00ns,12.90us
memchr/sherlock/rare/tiny3,count-bytes,0.1.0 (rev 463d00f318),rust/memchrold/memrchr3,2.5.0,,69,1000000,2.01s,1.00ns,0.00ns,36.00ns,74.00ns,1.00ns,22.10us
memchr/sherlock/uncommon/huge1,count-bytes,0.1.0 (rev 463d00f318),libc/memchr/oneshot,unknown,,594933,28280,4.63s,103.60us,700.00ns,106.02us,6.75us,98.40us,211.40us
memchr/sherlock/uncommon/huge1,count-bytes,0.1.0 (rev 463d00f318),rust/bytecount/memchr/oneshot,0.6.4,,594933,158412,5.00s,18.20us,100.00ns,18.87us,2.72us,17.70us,121.60us
memchr/sherlock/uncommon/huge1,count-bytes,0.1.0 (rev 463d00f318),rust/memchr/memchr/onlycount,2.8.2,,594933,257666,5.30s,11.10us,100.00ns,11.58us,1.84us,10.70us,283.00us
memchr/sherlock/uncommon/huge1,count-bytes,0.1.0 (rev 463d00f318),rust/memchr/memchr/oneshot,2.8.2,,594933,86903,4.79s,33.20us,100.00ns,34.45us,4.70us,32.20us,157.30us
memchr/sherlock/uncommon/huge1,count-bytes,0.1.0 (rev 463d00f318),rust/memchr/memchr/prebuilt,2.8.2,,594933,90577,4.79s,31.90us,100.00ns,33.05us,4.39us,31.00us,165.10us
memchr/sherlock/uncommon/huge1,count-bytes,0.1.0 (rev 463d00f318),rust/memchr/memchr/fallback,2.8.2,,594933,26496,4.63s,110.60us,1.30us,113.16us,10.70us,102.60us,230.80us
memchr/sherlock/uncommon/huge1,count-bytes,0.1.0 (rev 463d00f318),rust/memchr/memchr/naive,2.8.2,,594933,17611,4.58s,163.70us,1.10us,170.29us,21.00us,159.60us,399.70us
memchr/sherlock/uncommon/huge1,count-bytes,0.1.0 (rev 463d00f318),rust/memchr/memrchr,2.8.2,,594933,84128,4.69s,34.90us,200.00ns,35.59us,3.46us,34.00us,143.20us
memchr/sherlock/uncommon/huge1,count-bytes,0.1.0 (rev 463d00f318),rust/memchrold/memchr/oneshot,2.5.0,,594933,73771,4.68s,39.90us,100.00ns,40.59us,3.05us,38.80us,151.90us
memchr/sherlock/uncommon/huge1,count-bytes,0.1.0 (rev 463d00f318),rust/memchrold/memchr/prebuilt,2.5.0,,594933,73916,4.68s,39.70us,100.00ns,40.52us,3.06us,38.90us,148.80us
memchr/sherlock/uncommon/huge1,count-bytes,0.1.0 (rev 463d00f318),rust/memchrold/memchr/naive,2.5.0,,594933,10445,4.54s,283.70us,2.10us,287.16us,12.41us,276.10us,538.40us
memchr/sherlock/uncommon/huge1,count-bytes,0.1.0 (rev 463d00f318),rust/memchrold/memrchr,2.5.0,,594933,95813,4.73s,30.60us,100.00ns,31.24us,2.65us,29.90us,166.40us
memchr/sherlock/uncommon/huge2,count-bytes,0.1.0 (rev 463d00f318),rust/memchr/memchr2,2.8.2,,594933,22686,4.63s,128.30us,1.50us,132.17us,10.51us,123.90us,268.10us
memchr/sherlock/uncommon/huge2,count-bytes,0.1.0 (rev 463d00f318),rust/memchr/memchr2/fallback,2.8.2,,594933,13681,4.58s,211.80us,3.40us,219.22us,21.42us,206.10us,904.30us
memchr/sherlock/uncommon/huge2,count-bytes,0.1.0 (rev 463d00f318),rust/memchr/memchr2/naive,2.8.2,,594933,8999,4.58s,320.60us,4.70us,333.31us,44.66us,312.80us,847.10us
memchr/sherlock/uncommon/huge2,count-bytes,0.1.0 (rev 463d00f318),rust/memchr/memrchr2,2.8.2,,594933,21294,4.58s,137.80us,2.80us,140.82us,11.09us,130.50us,315.50us
memchr/sherlock/uncommon/huge2,count-bytes,0.1.0 (rev 463d00f318),rust/memchrold/memchr2,2.5.0,,594933,19716,4.58s,150.30us,1.10us,152.10us,6.21us,135.00us,638.50us
memchr/sherlock/uncommon/huge2,count-bytes,0.1.0 (rev 463d00f318),rust/memchrold/memrchr2,2.5.0,,594933,23877,4.58s,122.90us,1.40us,125.58us,6.96us,118.30us,241.30us
memchr/sherlock/uncommon/huge3,count-bytes,0.1.0 (rev 463d00f318),rust/memchr/memchr3,2.8.2,,594933,15594,4.58s,186.30us,2.00us,192.32us,15.59us,182.90us,425.90us
memchr/sherlock/uncommon/huge3,count-bytes,0.1.0 (rev 463d00f318),rust/memchr/memchr3/fallback,2.8.2,,594933,9504,4.58s,310.30us,5.10us,315.59us,18.86us,295.80us,500.60us
memchr/sherlock/uncommon/huge3,count-bytes,0.1.0 (rev 463d00f318),rust/memchr/memchr3/naive,2.8.2,,594933,8085,4.58s,357.80us,5.10us,371.01us,50.70us,348.10us,738.40us
memchr/sherlock/uncommon/huge3,count-bytes,0.1.0 (rev 463d00f318),rust/memchr/memrchr3,2.8.2,,594933,15094,4.58s,193.20us,1.40us,198.70us,15.54us,188.50us,409.00us
memchr/sherlock/uncommon/huge3,count-bytes,0.1.0 (rev 463d00f318),rust/memchrold/memchr3,2.5.0,,594933,15082,4.58s,194.90us,1.00us,198.86us,8.33us,187.80us,341.20us
memchr/sherlock/uncommon/huge3,count-bytes,0.1.0 (rev 463d00f318),rust/memchrold/memrchr3,2.5.0,,594933,17192,4.58s,170.50us,2.00us,174.43us,9.13us,167.20us,296.90us
memchr/sherlock/uncommon/small1,count-bytes,0.1.0 (rev 463d00f318),libc/memchr/oneshot,unknown,,664,1000000,2.06s,100.00ns,0.00ns,83.00ns,91.00ns,1.00ns,10.40us
memchr/sherlock/uncommon/small1,count-bytes,0.1.0 (rev 463d00f318),rust/bytecount/memchr/oneshot,0.6.4,,664,1000000,1.97s,1.00ns,0.00ns,51.00ns,88.00ns,1.00ns,14.40us
memchr/sherlock/uncommon/small1,count-bytes,0.1.0 (rev 463d00f318),rust/memchr/memchr/onlycount,2.8.2,,664,1000000,2.01s,1.00ns,0.00ns,43.00ns,85.00ns,1.00ns,32.40us
memchr/sherlock/uncommon/small1,count-bytes,0.1.0 (rev 463d00f318),rust/memchr/memchr/oneshot,2.8.2,,664,1000000,2.06s,100.00ns,0.00ns,62.00ns,86.00ns,1.00ns,25.50us
memchr/sherlock/uncommon/small1,count-bytes,0.1.0 (rev 463d00f318),rust/memchr/memchr/prebuilt,2.8.2,,664,1000000,2.01s,100.00ns,0.00ns,61.00ns,90.00ns,1.00ns,14.40us
memchr/sherlock/uncommon/small1,count-bytes,0.1.0 (rev 463d00f318),rust/memchr/memchr/fallback,2.8.2,,664,1000000,2.06s,100.00ns,0.00ns,83.00ns,96.00ns,1.00ns,35.80us
memchr/sherlock/uncommon/small1,count-bytes,0.1.0 (rev 463d00f318),rust/memchr/memchr/naive,2.8.2,,664,1000000,2.31s,200.00ns,0.00ns,211.00ns,139.00ns,100.00ns,38.00us
memchr/sherlock/uncommon/small1,count-bytes,0.1.0 (rev 463d00f318),rust/memchr/memrchr,2.8.2,,664,1000000,2.06s,100.00ns,0.00ns,67.00ns,89.00ns,1.00ns,20.00us
memchr/sherlock/uncommon/small1,count-bytes,0.1.0 (rev 463d00f318),rust/memchrold/memchr/oneshot,2.5.0,,664,1000000,2.07s,100.00ns,0.00ns,63.00ns,91.00ns,1.00ns,29.00us
memchr/sherlock/uncommon/small1,count-bytes,0.1.0 (rev 463d00f318),rust/memchrold/memchr/prebuilt,2.5.0,,664,1000000,2.11s,100.00ns,0.00ns,64.00ns,83.00ns,1.00ns,14.90us
memchr/sherlock/uncommon/small1,count-bytes,0.1.0 (rev 463d00f318),rust/memchrold/memchr/naive,2.5.0,,664,1000000,2.51s,300.00ns,0.00ns,341.00ns,167.00ns,300.00ns,24.80us
memchr/sherlock/uncommon/small1,count-bytes,0.1.0 (rev 463d00f318),rust/memchrold/memrchr,2.5.0,,664,1000000,2.01s,100.00ns,0.00ns,57.00ns,93.00ns,1.00ns,29.70us
memchr/sherlock/uncommon/small2,count-bytes,0.1.0 (rev 463d00f318),rust/memchr/memchr2,2.8.2,,664,1000000,2.17s,100.00ns,0.00ns,101.00ns,109.00ns,1.00ns,23.50us
memchr/sherlock/uncommon/small2,count-bytes,0.1.0 (rev 463d00f318),rust/memchr/memchr2/fallback,2.8.2,,664,1000000,2.16s,100.00ns,0.00ns,122.00ns,110.00ns,100.00ns,30.00us
memchr/sherlock/uncommon/small2,count-bytes,0.1.0 (rev 463d00f318),rust/memchr/memchr2/naive,2.8.2,,664,1000000,2.66s,400.00ns,0.00ns,394.00ns,179.00ns,300.00ns,46.40us
memchr/sherlock/uncommon/small2,count-bytes,0.1.0 (rev 463d00f318),rust/memchr/memrchr2,2.8.2,,664,1000000,2.11s,100.00ns,0.00ns,120.00ns,108.00ns,100.00ns,25.40us
memchr/sherlock/uncommon/small2,count-bytes,0.1.0 (rev 463d00f318),rust/memchrold/memchr2,2.5.0,,664,1000000,2.11s,100.00ns,0.00ns,118.00ns,112.00ns,100.00ns,29.00us
memchr/sherlock/uncommon/small2,count-bytes,0.1.0 (rev 463d00f318),rust/memchrold/memrchr2,2.5.0,,664,1000000,2.06s,100.00ns,0.00ns,97.00ns,110.00ns,1.00ns,39.60us
memchr/sherlock/uncommon/small3,count-bytes,0.1.0 (rev 463d00f318),rust/memchr/memchr3,2.8.2,,664,1000000,2.16s,200.00ns,0.00ns,157.00ns,128.00ns,100.00ns,23.80us
memchr/sherlock/uncommon/small3,count-bytes,0.1.0 (rev 463d00f318),rust/memchr/memchr3/fallback,2.8.2,,664,1000000,2.21s,200.00ns,0.00ns,177.00ns,145.00ns,100.00ns,55.60us
memchr/sherlock/uncommon/small3,count-bytes,0.1.0 (rev 463d00f318),rust/memchr/memchr3/naive,2.8.2,,664,1000000,2.66s,400.00ns,0.00ns,406.00ns,173.00ns,300.00ns,18.90us
memchr/sherlock/uncommon/small3,count-bytes,0.1.0 (rev 463d00f318),rust/memchr/memrchr3,2.8.2,,664,1000000,2.16s,200.00ns,0.00ns,166.00ns,137.00ns,100.00ns,19.70us
memchr/sherlock/uncommon/small3,count-bytes,0.1.0 (rev 463d00f318),rust/memchrold/memchr3,2.5.0,,664,1000000,2.16s,200.00ns,0.00ns,167.00ns,127.00ns,100.00ns,12.40us
memchr/sherlock/uncommon/small3,count-bytes,0.1.0 (rev 463d00f318),rust/memchrold/memrchr3,2.5.0,,664,1000000,2.11s,100.00ns,0.00ns,148.00ns,119.00ns,100.00ns,14.10us
memchr/sherlock/uncommon/tiny1,count-bytes,0.1.0 (rev 463d00f318),libc/memchr/oneshot,unknown,,69,1000000,1.90s,1.00ns,0.00ns,39.00ns,74.00ns,1.00ns,11.10us
memchr/sherlock/uncommon/tiny1,count-bytes,0.1.0 (rev 463d00f318),rust/bytecount/memchr/oneshot,0.6.4,,69,1000000,1.90s,1.00ns,0.00ns,33.00ns,70.00ns,1.00ns,13.40us
memchr/sherlock/uncommon/tiny1,count-bytes,0.1.0 (rev 463d00f318),rust/memchr/memchr/onlycount,2.8.2,,69,1000000,1.90s,1.00ns,0.00ns,34.00ns,73.00ns,1.00ns,11.40us
memchr/sherlock/uncommon/tiny1,count-bytes,0.1.0 (rev 463d00f318),rust/memchr/memchr/oneshot,2.8.2,,69,1000000,1.95s,1.00ns,0.00ns,44.00ns,81.00ns,1.00ns,11.70us
memchr/sherlock/uncommon/tiny1,count-bytes,0.1.0 (rev 463d00f318),rust/memchr/memchr/prebuilt,2.8.2,,69,1000000,1.91s,1.00ns,0.00ns,41.00ns,73.00ns,1.00ns,10.10us
memchr/sherlock/uncommon/tiny1,count-bytes,0.1.0 (rev 463d00f318),rust/memchr/memchr/fallback,2.8.2,,69,1000000,1.90s,1.00ns,0.00ns,39.00ns,83.00ns,1.00ns,30.20us
memchr/sherlock/uncommon/tiny1,count-bytes,0.1.0 (rev 463d00f318),rust/memchr/memchr/naive,2.8.2,,69,1000000,1.91s,1.00ns,0.00ns,45.00ns,87.00ns,1.00ns,35.80us
memchr/sherlock/uncommon/tiny1,count-bytes,0.1.0 (rev 463d00f318),rust/memchr/memrchr,2.8.2,,69,1000000,1.90s,1.00ns,0.00ns,45.00ns,87.00ns,1.00ns,14.10us
memchr/sherlock/uncommon/tiny1,count-bytes,0.1.0 (rev 463d00f318),rust/memchrold/memchr/oneshot,2.5.0,,69,1000000,1.91s,1.00ns,0.00ns,37.00ns,76.00ns,1.00ns,12.30us
memchr/sherlock/uncommon/tiny1,count-bytes,0.1.0 (rev 463d00f318),rust/memchrold/memchr/prebuilt,2.5.0,,69,1000000,1.90s,1.00ns,0.00ns,37.00ns,81.00ns,1.00ns,26.50us
memchr/sherlock/uncommon/tiny1,count-bytes,0.1.0 (rev 463d00f318),rust/memchrold/memchr/naive,2.5.0,,69,1000000,1.95s,100.00ns,0.00ns,53.00ns,81.00ns,1.00ns,11.30us
memchr/sherlock/uncommon/tiny1,count-bytes,0.1.0 (rev 463d00f318),rust/memchrold/memrchr,2.5.0,,69,1000000,1.91s,1.00ns,0.00ns,38.00ns,80.00ns,1.00ns,25.60us
memchr/sherlock/uncommon/tiny2,count-bytes,0.1.0 (rev 463d00f318),rust/memchr/memchr2,2.8.2,,69,1000000,1.96s,100.00ns,0.00ns,66.00ns,90.00ns,1.00ns,12.00us
memchr/sherlock/uncommon/tiny2,count-bytes,0.1.0 (rev 463d00f318),rust/memchr/memchr2/fallback,2.8.2,,69,1000000,1.91s,1.00ns,0.00ns,47.00ns,82.00ns,1.00ns,14.40us
memchr/sherlock/uncommon/tiny2,count-bytes,0.1.0 (rev 463d00f318),rust/memchr/memchr2/naive,2.8.2,,69,1000000,1.96s,100.00ns,0.00ns,54.00ns,86.00ns,1.00ns,23.60us
memchr/sherlock/uncommon/tiny2,count-bytes,0.1.0 (rev 463d00f318),rust/memchr/memrchr2,2.8.2,,69,1000000,1.96s,100.00ns,0.00ns,70.00ns,99.00ns,1.00ns,27.30us
memchr/sherlock/uncommon/tiny2,count-bytes,0.1.0 (rev 463d00f318),rust/memchrold/memchr2,2.5.0,,69,1000000,1.96s,100.00ns,0.00ns,58.00ns,96.00ns,1.00ns,45.20us
memchr/sherlock/uncommon/tiny2,count-bytes,0.1.0 (rev 463d00f318),rust/memchrold/memrchr2,2.5.0,,69,1000000,1.96s,100.00ns,0.00ns,57.00ns,90.00ns,1.00ns,24.40us
memchr/sherlock/uncommon/tiny3,count-bytes,0.1.0 (rev 463d00f318),rust/memchr/memchr3,2.8.2,,69,1000000,2.01s,100.00ns,0.00ns,103.00ns,100.00ns,1.00ns,30.40us
memchr/sherlock/uncommon/tiny3,count-bytes,0.1.0 (rev 463d00f318),rust/memchr/memchr3/fallback,2.8.2,,69,1000000,1.96s,100.00ns,0.00ns,69.00ns,90.00ns,1.00ns,14.00us
memchr/sherlock/uncommon/tiny3,count-bytes,0.1.0 (rev 463d00f318),rust/memchr/memchr3/naive,2.8.2,,69,1000000,1.96s,100.00ns,0.00ns,56.00ns,91.00ns,1.00ns,36.40us
memchr/sherlock/uncommon/tiny3,count-bytes,0.1.0 (rev 463d00f318),rust/memchr/memrchr3,2.8.2,,69,1000000,2.01s,100.00ns,0.00ns,108.00ns,100.00ns,100.00ns,25.10us
memchr/sherlock/uncommon/tiny3,count-bytes,0.1.0 (rev 463d00f318),rust/memchrold/memchr3,2.5.0,,69,1000000,2.01s,100.00ns,0.00ns,86.00ns,97.00ns,1.00ns,14.20us
memchr/sherlock/uncommon/tiny3,count-bytes,0.1.0 (rev 463d00f318),rust/memchrold/memrchr3,2.5.0,,69,1000000,2.01s,100.00ns,0.00ns,87.00ns,94.00ns,1.00ns,13.70us
memchr/sherlock/verycommon/huge1,count-bytes,0.1.0 (rev 463d00f318),libc/memchr/oneshot,unknown,,594933,3820,4.54s,782.90us,5.60us,785.31us,18.41us,734.70us,1.34ms
memchr/sherlock/verycommon/huge1,count-bytes,0.1.0 (rev 463d00f318),rust/bytecount/memchr/oneshot,0.6.4,,594933,161398,4.84s,18.20us,100.00ns,18.52us,1.70us,17.60us,149.70us
memchr/sherlock/verycommon/huge1,count-bytes,0.1.0 (rev 463d00f318),rust/memchr/memchr/onlycount,2.8.2,,594933,262792,5.00s,11.20us,100.00ns,11.35us,1.21us,10.80us,138.80us
memchr/sherlock/verycommon/huge1,count-bytes,0.1.0 (rev 463d00f318),rust/memchr/memchr/oneshot,2.8.2,,594933,7579,4.54s,393.90us,4.50us,395.78us,9.87us,381.00us,562.20us
memchr/sherlock/verycommon/huge1,count-bytes,0.1.0 (rev 463d00f318),rust/memchr/memchr/prebuilt,2.8.2,,594933,7963,4.53s,375.90us,5.90us,376.70us,12.99us,361.20us,795.10us
memchr/sherlock/verycommon/huge1,count-bytes,0.1.0 (rev 463d00f318),rust/memchr/memchr/fallback,2.8.2,,594933,3660,4.53s,818.90us,17.80us,819.82us,30.17us,757.00us,1.17ms
memchr/sherlock/verycommon/huge1,count-bytes,0.1.0 (rev 463d00f318),rust/memchr/memchr/naive,2.8.2,,594933,4673,4.53s,638.30us,8.20us,641.98us,18.74us,608.50us,1.20ms
memchr/sherlock/verycommon/huge1,count-bytes,0.1.0 (rev 463d00f318),rust/memchr/memrchr,2.8.2,,594933,7450,4.53s,400.40us,4.60us,402.67us,10.63us,386.80us,636.80us
memchr/sherlock/verycommon/huge1,count-bytes,0.1.0 (rev 463d00f318),rust/memchrold/memchr/oneshot,2.5.0,,594933,8332,4.53s,358.50us,3.90us,360.02us,8.16us,345.70us,468.60us
memchr/sherlock/verycommon/huge1,count-bytes,0.1.0 (rev 463d00f318),rust/memchrold/memchr/prebuilt,2.5.0,,594933,8424,4.53s,353.80us,3.90us,356.10us,14.22us,343.70us,1.44ms
memchr/sherlock/verycommon/huge1,count-bytes,0.1.0 (rev 463d00f318),rust/memchrold/memchr/naive,2.5.0,,594933,4406,4.53s,677.10us,7.20us,680.89us,20.04us,650.10us,1.02ms
memchr/sherlock/verycommon/huge1,count-bytes,0.1.0 (rev 463d00f318),rust/memchrold/memrchr,2.5.0,,594933,7233,4.53s,412.50us,4.50us,414.74us,12.06us,399.50us,925.70us
memchr/sherlock/verycommon/small1,count-bytes,0.1.0 (rev 463d00f318),libc/memchr/oneshot,unknown,,664,1000000,2.56s,400.00ns,0.00ns,366.00ns,222.00ns,300.00ns,59.40us
memchr/sherlock/verycommon/small1,count-bytes,0.1.0 (rev 463d00f318),rust/bytecount/memchr/oneshot,0.6.4,,664,1000000,1.91s,1.00ns,0.00ns,51.00ns,111.00ns,1.00ns,49.00us
memchr/sherlock/verycommon/small1,count-bytes,0.1.0 (rev 463d00f318),rust/memchr/memchr/onlycount,2.8.2,,664,1000000,1.91s,1.00ns,0.00ns,43.00ns,113.00ns,1.00ns,60.10us
memchr/sherlock/verycommon/small1,count-bytes,0.1.0 (rev 463d00f318),rust/memchr/memchr/oneshot,2.8.2,,664,1000000,2.76s,400.00ns,0.00ns,452.00ns,266.00ns,400.00ns,62.70us
memchr/sherlock/verycommon/small1,count-bytes,0.1.0 (rev 463d00f318),rust/memchr/memchr/prebuilt,2.8.2,,664,1000000,2.66s,400.00ns,0.00ns,433.00ns,267.00ns,400.00ns,57.40us
memchr/sherlock/verycommon/small1,count-bytes,0.1.0 (rev 463d00f318),rust/memchr/memchr/fallback,2.8.2,,664,1000000,2.56s,300.00ns,0.00ns,351.00ns,241.00ns,300.00ns,66.60us
memchr/sherlock/verycommon/small1,count-bytes,0.1.0 (rev 463d00f318),rust/memchr/memchr/naive,2.8.2,,664,1000000,2.36s,300.00ns,0.00ns,267.00ns,212.00ns,200.00ns,53.70us
memchr/sherlock/verycommon/small1,count-bytes,0.1.0 (rev 463d00f318),rust/memchr/memrchr,2.8.2,,664,1000000,2.81s,500.00ns,0.00ns,491.00ns,261.00ns,400.00ns,56.50us
memchr/sherlock/verycommon/small1,count-bytes,0.1.0 (rev 463d00f318),rust/memchrold/memchr/oneshot,2.5.0,,664,1000000,2.61s,400.00ns,0.00ns,413.00ns,235.00ns,300.00ns,57.00us
memchr/sherlock/verycommon/small1,count-bytes,0.1.0 (rev 463d00f318),rust/memchrold/memchr/prebuilt,2.5.0,,664,1000000,2.61s,400.00ns,0.00ns,407.00ns,255.00ns,300.00ns,55.10us
memchr/sherlock/verycommon/small1,count-bytes,0.1.0 (rev 463d00f318),rust/memchrold/memchr/naive,2.5.0,,664,1000000,2.46s,400.00ns,0.00ns,373.00ns,237.00ns,300.00ns,67.90us
memchr/sherlock/verycommon/small1,count-bytes,0.1.0 (rev 463d00f318),rust/memchrold/memrchr,2.5.0,,664,1000000,2.76s,500.00ns,0.00ns,467.00ns,257.00ns,400.00ns,57.60us
